status_id,status_message,link_name,status_type,status_link,status_published,num_reactions,num_comments,num_shares,num_likes,num_loves,num_wows,num_hahas,num_sads,num_angrys
235877164588_338893659456174,Today on New Scientist: 29 December 2011,,status,,2011-12-29 13:20:32,3,0,0,3,0,0,0,0,0
235877164588_338234412855432,Today on New Scientist: 28 December 2011,,status,,2011-12-28 13:00:17,1,0,1,1,0,0,0,0,0
235877164588_334548956557311,Today on New Scientist: 22 December 2011,,status,,2011-12-22 13:19:34,3,0,0,3,0,0,0,0,0
235877164588_333910309954509,Today on New Scientist: 21 December 2011,,status,,2011-12-21 13:27:04,0,0,0,0,0,0,0,0,0
235877164588_333257446686462,Today on New Scientist: 20 December 2011,,status,,2011-12-20 13:16:10,2,0,0,2,0,0,0,0,0
235877164588_332593390086201,Today on New Scientist: 19 December 2011,,status,,2011-12-19 13:00:09,4,1,0,4,0,0,0,0,0
235877164588_330770610268479,Today on New Scientist: 16 December 2011,,status,,2011-12-16 13:09:22,1,0,0,1,0,0,0,0,0
235877164588_330069257005281,Today on New Scientist: 15 December 2011,,status,,2011-12-15 13:01:47,1,0,1,1,0,0,0,0,0
235877164588_329474777064729,Today on New Scientist: 14 December 2011,,status,,2011-12-14 13:19:42,1,0,0,1,0,0,0,0,0
235877164588_328789510466589,Today on New Scientist: 13 December 2011,,status,,2011-12-13 13:06:09,2,0,0,2,0,0,0,0,0
235877164588_328079947204212,Today on New Scientist: 12 December 2011,,status,,2011-12-12 13:05:10,2,0,0,2,0,0,0,0,0
235877164588_10150458814234589,Would you ditch the traditional bank for an online P2P loan? ,,status,,2011-12-12 07:04:46,0,0,0,0,0,0,0,0,0
235877164588_326002254078648,Today on New Scientist: 9 December 2011,,status,,2011-12-09 13:11:51,3,0,0,3,0,0,0,0,0
235877164588_325381814140692,Today on New Scientist: 8 December 2011,,status,,2011-12-08 13:25:39,1,0,0,1,0,0,0,0,0
235877164588_324752524203621,Today on New Scientist: 7 December 2011,,status,,2011-12-07 13:03:16,3,0,0,3,0,0,0,0,0
235877164588_323937104285163,Today on New Scientist: 6 December 2011,,status,,2011-12-06 13:10:08,3,0,0,3,0,0,0,0,0
235877164588_323224724356401,Today on New Scientist: 5 December 2011,,status,,2011-12-05 13:19:53,1,0,0,1,0,0,0,0,0
235877164588_321107701234770,Today on New Scientist: 2 December 2011,,status,,2011-12-02 13:07:43,1,1,0,1,0,0,0,0,0
235877164588_320476821297858,Today on New Scientist: 1 December 2011,,status,,2011-12-01 13:05:02,2,3,0,2,0,0,0,0,0
235877164588_319832641362276,Today on New Scientist: 30 November 2011,,status,,2011-11-30 13:00:54,4,0,0,4,0,0,0,0,0
235877164588_319297128082494,Today on New Scientist: 29 November 2011,,status,,2011-11-29 13:05:26,0,0,0,0,0,0,0,0,0
235877164588_316830174995856,Today on New Scientist: 25 November 2011,,status,,2011-11-25 13:18:58,3,0,0,3,0,0,0,0,0
235877164588_316241131721427,Today on New Scientist: 24 November 2011,,status,,2011-11-24 13:01:49,1,0,0,1,0,0,0,0,0
235877164588_10150415650829589,Marvels of the multiverse and solar-panel paint - online now for subscribers at http://www.newscientist.com/issue/current,,status,,2011-11-23 13:51:18,9,0,2,9,0,0,0,0,0
235877164588_315684575110416,Today on New Scientist: 23 November 2011,,status,,2011-11-23 13:43:27,2,0,0,2,0,0,0,0,0
235877164588_315071945171679,Today on New Scientist: 22 November 2011,,status,,2011-11-22 13:00:08,4,0,1,4,0,0,0,0,0
235877164588_314448238567383,Today on New Scientist: 21 November 2011,,status,,2011-11-21 13:02:14,2,0,0,2,0,0,0,0,0
235877164588_312693812076159,Today on New Scientist: 18 November 2011,,status,,2011-11-18 13:38:46,3,0,0,3,0,0,0,0,0
235877164588_312056242139916,Today on New Scientist: 17 November 2011,,status,,2011-11-17 13:00:07,6,0,0,6,0,0,0,0,0
235877164588_311487942196746,Today on New Scientist: 16 November 2011,,status,,2011-11-16 13:32:04,4,0,0,4,0,0,0,0,0
235877164588_310898045589069,Today on New Scientist: 15 Novemeber 2011,,status,,2011-11-15 13:00:09,1,0,0,1,0,0,0,0,0
235877164588_310314968980710,Today on New Scientist: 14 November 2011,,status,,2011-11-14 13:10:18,3,1,0,3,0,0,0,0,0
235877164588_308607029151504,Today on New Scientist: 11 November 2011,,status,,2011-11-11 13:26:31,7,0,1,7,0,0,0,0,0
235877164588_308039842541556,Today on New Scientist: 10 November 2011,,status,,2011-11-10 13:38:32,2,0,0,2,0,0,0,0,0
235877164588_307443162601224,Today on New Scientist: 9 November 2011,,status,,2011-11-09 13:17:36,2,0,1,2,0,0,0,0,0
235877164588_306874059324801,Today on New Scientist: 8 November 2011,,status,,2011-11-08 13:01:38,4,1,0,4,0,0,0,0,0
235877164588_306372582708282,Today on New Scientist: 7 November 2011,,status,,2011-11-07 13:05:40,0,0,0,0,0,0,0,0,0
235877164588_304973819514825,Today on New Scientist: 4 November 2011,,status,,2011-11-04 13:00:05,5,0,0,5,0,0,0,0,0
235877164588_304499779562229,Today on New Scientist: 3 November 2011,,status,,2011-11-03 13:33:18,4,0,0,4,0,0,0,0,0
235877164588_304015219610685,Today on New Scientist: 2 November 2011,,status,,2011-11-02 13:18:32,6,0,1,6,0,0,0,0,0
235877164588_303514192994121,Today on New Scientist: 1 November 2011,,status,,2011-11-01 13:00:28,7,0,2,7,0,0,0,0,0
235877164588_303043433041197,Today on New Scientist: 31 October 2011,,status,,2011-10-31 13:34:13,6,0,1,6,0,0,0,0,0
235877164588_10150377958904589,"Vampire fish or zombie cockroach -- which is your most favourite horrific, nightmarish creature in our Halloween horror animal gallery?",,status,,2011-10-31 12:42:57,0,0,0,0,0,0,0,0,0
235877164588_301645126514361,Today on New Scientist: 28 October 2011,,status,,2011-10-28 12:16:15,14,1,0,14,0,0,0,0,0
235877164588_301176179894589,Today on New Scientist: 27 October 2011,,status,,2011-10-27 12:26:40,5,0,0,5,0,0,0,0,0
235877164588_300675746611299,Today on New Scientist: 26 October 2011,,status,,2011-10-26 12:00:12,8,0,0,8,0,0,0,0,0
235877164588_300194559992751,Today on New Scientist: 25 October 2011,,status,,2011-10-25 12:09:32,4,0,0,4,0,0,0,0,0
235877164588_299688476710026,Today on New Scientist: 24 October 2011,,status,,2011-10-24 12:00:05,9,0,0,9,0,0,0,0,0
235877164588_298252686853605,Today on New Scientist: 21 October 2011,,status,,2011-10-21 12:36:38,9,0,0,9,0,0,0,0,0
235877164588_297724516906422,Today on New Scientist: 20 Octoer 2011,,status,,2011-10-20 12:04:53,10,0,0,10,0,0,0,0,0
235877164588_297226553622885,Today on New Scientist: 19 October 2011,,status,,2011-10-19 12:08:39,8,1,0,8,0,0,0,0,0
235877164588_296748597004014,Today on New Scientist: 18 October 2011,,status,,2011-10-18 12:09:25,0,1,0,0,0,0,0,0,0
235877164588_296241173721423,Today on New Scientist: 17 October 2011,,status,,2011-10-17 12:13:46,6,0,0,6,0,0,0,0,0
235877164588_294773173868223,Today on New Scientist: 14 October 2011,,status,,2011-10-14 12:00:34,7,0,1,7,0,0,0,0,0
235877164588_294271163918424,Today on New Scientist: 13 October 2011,,status,,2011-10-13 12:13:27,11,0,0,11,0,0,0,0,0
235877164588_293753377303536,Today on New Scientist: 12 October 2011,,status,,2011-10-12 12:01:37,4,2,0,4,0,0,0,0,0
235877164588_293268850685322,Today on New Scientist: 11 October 2011,,status,,2011-10-11 12:11:07,12,2,0,12,0,0,0,0,0
235877164588_292773740734833,Today on New Scientist: 10 October 2011,,status,,2011-10-10 12:22:54,2,0,0,2,0,0,0,0,0
235877164588_291378110874396,Today on New Scientist: 7 October 2011,,status,,2011-10-07 12:10:00,11,3,0,11,0,0,0,0,0
235877164588_290896124255928,Today on New Scientist: 6 October 2011,,status,,2011-10-06 12:14:04,6,1,0,6,0,0,0,0,0
235877164588_290429510969256,Today on New Scientist: 5 October 2011,,status,,2011-10-05 12:41:57,10,1,0,10,0,0,0,0,0
235877164588_289954234350117,Today on New Scientist: 4 October 2011,,status,,2011-10-04 12:32:47,9,0,0,9,0,0,0,0,0
235877164588_289491171063090,Today on New Scientist: 3 October 2011,,status,,2011-10-03 12:13:49,7,0,2,7,0,0,0,0,0
235877164588_10150341843794589,"Adolescence can be tricky, but these creatures go through metamorphoses that are like a teenager morphing into a Tyrannosaurus. Can you guess what they'll become?  http://www.newscientist.com/gallery/metamorphosis",,status,,2011-10-03 08:15:32,25,5,7,25,0,0,0,0,0
235877164588_288142451197962,Today on New Scientist: 30 September 2011,,status,,2011-09-30 12:29:25,2,0,0,2,0,0,0,0,0
235877164588_257999927545548,Today on New Scientist: 29 September 2011,,status,,2011-09-29 12:18:27,4,0,0,4,0,0,0,0,0
235877164588_287175484627992,Today on New Scientist: 28 September 2011,,status,,2011-09-28 12:02:47,3,0,0,3,0,0,0,0,0
235877164588_286721494673391,Today on New Scientist: 27 Septamber 2011,,status,,2011-09-27 12:12:06,11,2,0,11,0,0,0,0,0
235877164588_286222114723329,Today on New Scientist: 26 September 2011,,status,,2011-09-26 12:00:06,7,0,0,7,0,0,0,0,0
235877164588_284847161527491,Today on New Scientist: 23 September 2011,,status,,2011-09-23 12:21:45,9,4,3,9,0,0,0,0,0
235877164588_10150328715979589,Will CERN's detection of faster-than-light neutrinos destroy Einstein's theory of special relativity and rewrite modern physics as we know it?,,status,,2011-09-23 10:33:35,0,0,0,0,0,0,0,0,0
235877164588_284352868243587,Today on New Scientist: 22 September 2011,,status,,2011-09-22 12:33:11,1,0,0,1,0,0,0,0,0
235877164588_283862408292633,Today on New Scientist: 21 September 2011,,status,,2011-09-21 12:01:33,5,0,0,5,0,0,0,0,0
235877164588_283378108341063,Today on New Scientist: 20 September 2011,,status,,2011-09-20 12:00:38,3,0,1,3,0,0,0,0,0
235877164588_282874451724762,Today on New Scientist: 19 September 2011,,status,,2011-09-19 12:10:52,1,0,0,1,0,0,0,0,0
235877164588_280963195249221,Today on New Scientist: 15 September 2011,,status,,2011-09-15 12:22:47,5,0,1,5,0,0,0,0,0
235877164588_280484898630384,Today on New Scientist: 14 September 2011,,status,,2011-09-14 12:03:36,8,2,0,8,0,0,0,0,0
235877164588_280008842011323,Today on New Scientist: 13 September 2011,,status,,2011-09-13 12:14:49,2,0,0,2,0,0,0,0,0
235877164588_279513488727525,Today on New Scientist: 12 September 2011,,status,,2011-09-12 12:07:26,0,0,0,0,0,0,0,0,0
235877164588_278107022201505,Today on New Scientist: 9 September 2011,,status,,2011-09-09 12:33:13,5,0,0,5,0,0,0,0,0
235877164588_277568948921979,Today on New Scientist: 8 September 2011,,status,,2011-09-08 13:02:48,5,0,0,5,0,0,0,0,0
235877164588_274485785896962,Today on New Scientist: 2 September 2011,,status,,2011-09-02 12:20:56,10,1,0,10,0,0,0,0,0
235877164588_273967459282128,Today on New Scientist: 1 September 2011,,status,,2011-09-01 11:58:18,5,0,0,5,0,0,0,0,0
235877164588_273448866000654,Today on New Scientist: 31 August 2011,,status,,2011-08-31 12:00:47,0,0,0,0,0,0,0,0,0
235877164588_272938919384982,Today on New Scientist: 30 August 2011,,status,,2011-08-30 12:06:43,9,2,0,9,0,0,0,0,0
235877164588_270852839593590,Today on New Scientist: 26 August 2011,,status,,2011-08-26 12:05:14,11,1,0,11,0,0,0,0,0
235877164588_270325552979652,Today on New Scientist: 25 August 2011,,status,,2011-08-25 12:00:42,9,1,0,9,0,0,0,0,0
235877164588_269794889699385,Today on New Scientist: 24 August 2011,,status,,2011-08-24 12:00:22,14,0,0,14,0,0,0,0,0
235877164588_269271513085056,Today on New Scientist: 23 August 2011,,status,,2011-08-23 12:00:22,11,0,0,11,0,0,0,0,0
235877164588_268745859804288,Today on New Scientist: 22 August 2011,,status,,2011-08-22 12:03:25,10,0,0,10,0,0,0,0,0
235877164588_267244189954455,Today on New Scientist: 19 August 2011,,status,,2011-08-19 12:05:50,15,7,0,15,0,0,0,0,0
235877164588_266724083339799,Today on New Scientist: 18 August 2011,,status,,2011-08-18 11:59:52,13,1,0,13,0,0,0,0,0
235877164588_266192606726280,Today on New Scientist: 17 August 2011,,status,,2011-08-17 12:09:53,11,0,0,11,0,0,0,0,0
235877164588_262659997079541,Today on New Scientist: 10 August 2011,,status,,2011-08-10 12:04:37,12,0,0,12,0,0,0,0,0
235877164588_262116310467243,Today on New Scientist: 9 August 2011,,status,,2011-08-09 12:06:11,6,1,0,6,0,0,0,0,0
235877164588_261566000522274,Today on New Scientist: 8 August 2011,,status,,2011-08-08 12:00:55,10,1,0,10,0,0,0,0,0
235877164588_261420480536826,A whale of an opportunity for students,,status,,2011-08-08 06:15:25,0,0,0,0,0,0,0,0,0
235877164588_260053527340188,Today on New Scientist: 5 August 2011,,status,,2011-08-05 11:58:11,13,3,0,13,0,0,0,0,0
235877164588_259033774108830,Today on New Scientist: 3 August 2011,,status,,2011-08-03 12:09:31,7,3,0,7,0,0,0,0,0
235877164588_258521424160065,Today on New Scientist: 2 August 2011,,status,,2011-08-02 12:21:20,5,1,0,5,0,0,0,0,0
235877164588_256041867741354,Today on New Scientist: 28 July 2011,,status,,2011-07-28 12:03:50,11,1,0,11,0,0,0,0,0
235877164588_255553567790184,Today on New Scientist: 27 July 2011,,status,,2011-07-27 12:20:30,4,1,0,4,0,0,0,0,0
235877164588_255552921123582,Today on New Scientist: 27 July 2011,,status,,2011-07-27 12:19:07,0,0,0,0,0,0,0,0,0
235877164588_255043504507857,Today on New Scientist: 26 July 2011,,status,,2011-07-26 12:00:27,7,3,0,7,0,0,0,0,0
235877164588_254531537892387,Today on New Scientist: 25 July 2011,,status,,2011-07-25 12:03:53,18,1,0,18,0,0,0,0,0
235877164588_253118718033669,Today on New Scientist: 22 July 2011,,status,,2011-07-22 12:00:35,12,0,0,12,0,0,0,0,0
235877164588_252625171416357,Today on New Scientist: 21 July 2011,,status,,2011-07-21 12:01:20,15,1,0,15,0,0,0,0,0
235877164588_252133341465540,Today on New Scientist: 20 July 2011,,status,,2011-07-20 12:04:03,12,1,0,12,0,0,0,0,0
235877164588_252132031465671,Today on New Scientist: 20 July 2011,,status,,2011-07-20 12:03:29,7,0,0,7,0,0,0,0,0
235877164588_251518481527026,Today on New Scientist: 19 July 2011,,status,,2011-07-19 11:59:22,11,0,0,11,0,0,0,0,0
235877164588_250887044923503,Today on New Scientist: 18 July 2011,,status,,2011-07-18 12:00:45,9,0,0,9,0,0,0,0,0
235877164588_249471701731704,Today on New Scientist: 15 July 2011,,status,,2011-07-15 12:00:20,10,0,0,10,0,0,0,0,0
235877164588_248980671780807,Today on New Scientist: 14 July 2011,,status,,2011-07-14 12:00:26,8,1,0,8,0,0,0,0,0
235877164588_248467068498834,Today on New Scientist: 13 July 2011,,status,,2011-07-13 12:06:16,9,0,0,9,0,0,0,0,0
235877164588_247968401882034,Today on New Scientist: 12 July 2011,,status,,2011-07-12 12:04:41,10,0,0,10,0,0,0,0,0
235877164588_247457071933167,Today on New Scientist: 11 July 2011,,status,,2011-07-11 11:53:48,1,0,0,1,0,0,0,0,0
235877164588_246059055406302,Today on New Scientist: 8 July 2011,,status,,2011-07-08 12:00:07,12,0,0,12,0,0,0,0,0
235877164588_245546925457515,Today on New Scientist: 7 July 2011,,status,,2011-07-07 12:01:48,12,0,0,12,0,0,0,0,0
235877164588_245046838840857,Today on New Scientist: 6 July 2011,,status,,2011-07-06 12:01:22,8,3,0,8,0,0,0,0,0
235877164588_244535422225332,Today on New Scientist: 5 July 2011,,status,,2011-07-05 11:58:11,10,1,0,10,0,0,0,0,0
235877164588_244050268940514,Today on New Scientist: 4 July 2011,,status,,2011-07-04 12:09:57,13,0,0,13,0,0,0,0,0
235877164588_242671745745033,Today on New Scientist: 1 July 2011,,status,,2011-07-01 11:57:40,0,0,0,0,0,0,0,0,0
235877164588_242167525795455,Today on New Scientist: 30 June 2011,,status,,2011-06-30 12:00:05,13,1,0,13,0,0,0,0,0
235877164588_241698612509013,Today on New Scientist: 29 June 2011,,status,,2011-06-29 12:13:37,9,1,0,9,0,0,0,0,0
235877164588_241412329204308,Today on New Scientist: 28 June 2011,,status,,2011-06-28 12:00:08,8,1,0,8,0,0,0,0,0
235877164588_241141635898044,Today on New Scientist: 27 June 2011,,status,,2011-06-27 12:00:08,15,0,0,15,0,0,0,0,0
235877164588_240046622674212,Today on New Scientist: 23 June 2011,,status,,2011-06-23 12:00:07,7,0,0,7,0,0,0,0,0
235877164588_239767929368748,Today on New Scientist: 22 June 2011,,status,,2011-06-22 12:04:08,9,1,0,9,0,0,0,0,0
235877164588_232823636729844,Today on New Scientist: 21 June 2011,,status,,2011-06-21 12:02:26,7,0,0,7,0,0,0,0,0
235877164588_232542776757930,Today on New Scientist: 20 June 2011,,status,,2011-06-20 12:04:44,10,2,0,10,0,0,0,0,0
235877164588_231699420175599,Today on New Scientist: 17 June 2011,,status,,2011-06-17 12:02:03,8,0,0,8,0,0,0,0,0
235877164588_231412720204269,Today on New Scientist: 16 June 2011,,status,,2011-06-16 12:00:08,8,0,0,8,0,0,0,0,0
235877164588_230840266928181,Today on New Scientist: 14 June 2011,,status,,2011-06-14 12:00:12,10,0,0,10,0,0,0,0,0
235877164588_230552253623649,Today on New Scientist: 13 June 2011,,status,,2011-06-13 12:00:03,13,3,0,13,0,0,0,0,0
235877164588_229770043701870,Today on New Scientist: 10 June 2011,,status,,2011-06-10 12:01:39,11,0,0,11,0,0,0,0,0
235877164588_229255587086649,Today on New Scientist: 8 June 2011,,status,,2011-06-08 12:05:20,10,0,0,10,0,0,0,0,0
235877164588_228989560446585,Today on New Scientist: 7 June 2011,,status,,2011-06-07 12:00:11,8,1,0,8,0,0,0,0,0
235877164588_228711963807678,Today on New Scientist: 6 June 2011,,status,,2011-06-06 12:00:08,11,0,0,11,0,0,0,0,0
235877164588_227169093961965,Today on New Scientist: 31 May 2011,,status,,2011-05-31 12:00:31,10,0,0,10,0,0,0,0,0
235877164588_226166167395591,Today on New Scientist: 27 May 2011,,status,,2011-05-27 12:00:10,10,0,0,10,0,0,0,0,0
235877164588_226089284069946,Mars rock: Win a piece of the Red Planet,,status,,2011-05-27 04:54:52,17,12,0,17,0,0,0,0,0
235877164588_225915220754019,Today on New Scientist: 26 May 2011,,status,,2011-05-26 12:02:02,12,0,0,12,0,0,0,0,0
235877164588_225649517447256,Today on New Scientist: 25 May 2011,,status,,2011-05-25 12:00:19,7,0,0,7,0,0,0,0,0
235877164588_225128374166037,Today on New Scientist: 23 May 2011,,status,,2011-05-23 12:00:12,5,0,0,5,0,0,0,0,0
235877164588_224116797600528,Today on New Scientist: 19 May 2011,,status,,2011-05-19 12:00:06,5,0,0,5,0,0,0,0,0
235877164588_223853677626840,Today on New Scientist: 18 May 2011,,status,,2011-05-18 12:00:21,8,0,0,8,0,0,0,0,0
235877164588_223807140964827,Mars rock: Win a piece of the Red Planet,,status,,2011-05-18 08:04:55,30,6,1,30,0,0,0,0,0
235877164588_223587447653463,Today on New Scientist: 17 May 2011,,status,,2011-05-17 12:00:06,11,0,0,11,0,0,0,0,0
235877164588_223295931015948,Today on New Scientist: 16 May 2011,,status,,2011-05-16 12:00:43,6,0,0,6,0,0,0,0,0
235877164588_222500517762156,Today on New Scientist: 13 May 2011,,status,,2011-05-13 12:00:13,10,0,0,10,0,0,0,0,0
235877164588_222232837788924,Today on New Scientist: 12 May 2011,,status,,2011-05-12 12:01:00,12,0,0,12,0,0,0,0,0
235877164588_221978711147670,Today on New Scientist: 11 May 2011,,status,,2011-05-11 12:00:19,9,4,0,9,0,0,0,0,0
235877164588_221640577848150,Today on New Scientist: 10 May 2011,,status,,2011-05-10 12:00:34,7,1,0,7,0,0,0,0,0
235877164588_221392427872965,Today on New Scientist: 9 May 2011,,status,,2011-05-09 12:01:00,8,0,0,8,0,0,0,0,0
235877164588_220658594613015,Today on New Scientist: 6 May 2011,,status,,2011-05-06 12:20:11,9,0,0,9,0,0,0,0,0
235877164588_220412614637613,Today on New Scientist: 5 May 2011,,status,,2011-05-05 11:54:28,6,0,0,6,0,0,0,0,0
235877164588_219903504688524,Today on New Scientist: 3 May 2011,,status,,2011-05-03 12:17:45,3,0,0,3,0,0,0,0,0
235877164588_218580588154149,Today on New Scientist: 28 April 2011,,status,,2011-04-28 12:00:07,13,1,0,13,0,0,0,0,0
235877164588_218328361512705,Today on New Scientist: 27 April 2011,,status,,2011-04-27 12:07:29,16,0,0,16,0,0,0,0,0
235877164588_216801234998751,Today on New Scientist: 21 April 2011,,status,,2011-04-21 12:05:16,9,0,0,9,0,0,0,0,0
235877164588_216293435049531,Today on New Scientist: 19 April 2011,,status,,2011-04-19 12:00:08,10,2,0,10,0,0,0,0,0
235877164588_216029091742632,Today on New Scientist: 18 April 2011,,status,,2011-04-18 11:59:19,19,3,0,19,0,0,0,0,0
235877164588_215022471843294,Today on New Scientist: 14 April 2011,,status,,2011-04-14 12:05:58,6,1,0,6,0,0,0,0,0
235877164588_214772571868284,Today on New Scientist: 13 April 2011,,status,,2011-04-13 12:10:30,12,3,0,12,0,0,0,0,0
235877164588_214278935250981,Today on New Scientist: 11 April 2011,,status,,2011-04-11 12:21:23,11,0,0,11,0,0,0,0,0
235877164588_213514741994067,Today on New Scientist: 8 April 2011,,status,,2011-04-08 12:06:07,10,0,0,10,0,0,0,0,0
235877164588_213514215327453,Today on NewScientist: 8 April 2011,,status,,2011-04-08 12:03:26,7,0,0,7,0,0,0,0,0
235877164588_213267405352134,Today on New Scientist: 7 April 2011,,status,,2011-04-07 12:00:06,6,0,0,6,0,0,0,0,0
235877164588_213026582042883,Today on New Scientist: 6 April 2011,,status,,2011-04-06 12:02:32,12,2,0,12,0,0,0,0,0
235877164588_211799035498971,Today on New Scientist: 1 April 2011,,status,,2011-04-01 12:00:05,9,0,0,9,0,0,0,0,0
235877164588_211549535523921,Today on New Scientist: 31 March 2011,,status,,2011-03-31 12:00:06,9,0,0,9,0,0,0,0,0
235877164588_211277992217742,Today on New Scientist: 30 March 2011,,status,,2011-03-30 12:03:43,7,1,0,7,0,0,0,0,0
235877164588_210974365581438,Today on New Scientist: 29 March 2011,,status,,2011-03-29 12:03:01,9,0,0,9,0,0,0,0,0
235877164588_209939052351636,Today on New Scientist: 25 March 2011,,status,,2011-03-25 13:01:06,10,0,0,10,0,0,0,0,0
235877164588_209694762376065,Today on New Scientist: 24 March 2011,,status,,2011-03-24 13:02:03,3,3,0,3,0,0,0,0,0
235877164588_209365325742342,Today on New Scientist: 23 March 2011,,status,,2011-03-23 13:03:01,9,0,0,9,0,0,0,0,0
235877164588_209094005769474,Today on New Scientist: 22 March 2011,,status,,2011-03-22 13:00:09,11,1,0,11,0,0,0,0,0
235877164588_208834719128736,Today on New Scientist: 21 March 2011,,status,,2011-03-21 13:00:31,13,4,0,13,0,0,0,0,0
235877164588_208065439205664,Today on New Scientist: 18 March 2011,,status,,2011-03-18 13:07:07,11,0,0,11,0,0,0,0,0
235877164588_207553412590200,Today on New Scientist: 16 March 2011,,status,,2011-03-16 13:21:00,11,0,0,11,0,0,0,0,0
235877164588_207291025949772,Today on NewScientist: 15 March 2011,,status,,2011-03-15 13:03:17,10,0,0,10,0,0,0,0,0
235877164588_206976015981273,Today on New Scientist: 14 March 2011,,status,,2011-03-14 13:04:59,17,0,0,17,0,0,0,0,0
235877164588_206191796059695,Today on New Scientist: 11 March 2011,,status,,2011-03-11 13:00:24,8,0,0,8,0,0,0,0,0
235877164588_205932599418948,Today on New Scientist: 10 March 2011,,status,,2011-03-10 13:01:16,11,4,0,11,0,0,0,0,0
235877164588_205662496112625,Today on New Scientist: 9 March 2011,,status,,2011-03-09 13:01:30,11,0,0,11,0,0,0,0,0
235877164588_205396722805869,Today on New Scientist: 8 March 2011,,status,,2011-03-08 13:00:02,7,0,0,7,0,0,0,0,0
235877164588_205143636164511,Today on New Scientist: 7 March 2011,,status,,2011-03-07 13:06:19,12,0,0,12,0,0,0,0,0
235877164588_204404799571728,Today on New Scientist: 4 March 2011,,status,,2011-03-04 13:17:04,9,0,0,9,0,0,0,0,0
235877164588_204163319595876,Today on New Scientist: 3 March 2011,,status,,2011-03-03 13:04:06,10,0,0,10,0,0,0,0,0
235877164588_203920819620126,Today on New Scientist: 2 March 2011,,status,,2011-03-02 13:03:07,8,4,0,8,0,0,0,0,0
235877164588_203673019644906,Today on New Scientist: 1 March 2011,,status,,2011-03-01 13:02:28,8,0,0,8,0,0,0,0,0
235877164588_203418643003677,Today on New Scientist: 28 February 2011,,status,,2011-02-28 13:00:04,5,1,0,5,0,0,0,0,0
235877164588_202640626414812,Today on New Scientist: 25 February 2011,,status,,2011-02-25 13:02:33,6,0,0,6,0,0,0,0,0
235877164588_202380943107447,Today on New Scientist: 24 February 2011,,status,,2011-02-24 13:00:24,5,2,0,5,0,0,0,0,0
235877164588_202131023132439,Today on New Scientist: 23 February 2011,,status,,2011-02-23 13:09:42,3,0,0,3,0,0,0,0,0
235877164588_201874803158061,Today on New Scientist: 22 February 2011,,status,,2011-02-22 13:00:29,6,0,0,6,0,0,0,0,0
235877164588_201613866517488,Today on New Scientist: 21 February 2011,,status,,2011-02-21 13:00:16,11,0,0,11,0,0,0,0,0
235877164588_200851576593717,Today on New Scientist: 18 February 2011,,status,,2011-02-18 13:00:32,6,1,1,6,0,0,0,0,0
235877164588_200600506618824,Today on New Scientist: 17 February 2011,,status,,2011-02-17 12:59:22,4,0,0,4,0,0,0,0,0
235877164588_200352976643577,Today on New Scientist: 16 February 2011,,status,,2011-02-16 13:01:17,8,0,0,8,0,0,0,0,0
235877164588_200094830002725,Today on New Scientist: 15 February 2011,,status,,2011-02-15 13:00:29,5,0,0,5,0,0,0,0,0
235877164588_199817140030494,Today on New Scientist: 14 February 2011,,status,,2011-02-14 13:01:10,8,0,0,8,0,0,0,0,0
235877164588_199018973443644,Today on New Scientist: 11 February 2011,,status,,2011-02-11 13:00:30,6,0,0,6,0,0,0,0,0
235877164588_198902943455247,February Photo Competition: Water,,status,,2011-02-11 02:34:17,12,1,0,12,0,0,0,0,0
235877164588_198750430137165,Today on New Scientist: 10 February 2011,,status,,2011-02-10 13:00:05,9,3,0,9,0,0,0,0,0
235877164588_198462576832617,Today on New Scientist: 9 February 2011,,status,,2011-02-09 13:01:30,6,0,0,6,0,0,0,0,0
235877164588_198179410194267,Today on New Scientist: 8 February 2011,,status,,2011-02-08 13:00:05,4,0,0,4,0,0,0,0,0
235877164588_197901296888745,Today on New Scientist: 7 February 2011,,status,,2011-02-07 13:00:09,4,0,0,4,0,0,0,0,0
235877164588_197092243636317,Today on New Scientist: 4 February 2011,,status,,2011-02-04 13:06:12,4,0,0,4,0,0,0,0,0
235877164588_196811433664398,Today on New Scientist: 3 February 2011,,status,,2011-02-03 13:00:08,3,0,0,3,0,0,0,0,0
235877164588_196539223691619,Today on New Scientist: 2 February 2011,,status,,2011-02-02 13:01:39,8,1,0,8,0,0,0,0,0
235877164588_196258613719680,Today on New Scientist: 1 February 2011,,status,,2011-02-01 13:00:05,4,1,0,4,0,0,0,0,0
235877164588_195981287080746,Today on New Scientist: 31 January 2011,,status,,2011-01-31 13:00:00,5,0,0,5,0,0,0,0,0
235877164588_195174310494777,Today on New Scientist: 28 January,,status,,2011-01-28 13:05:40,4,0,0,4,0,0,0,0,0
235877164588_194899903855551,Today on New Scientist: 27 January 2011,,status,,2011-01-27 13:00:09,3,0,0,3,0,0,0,0,0
235877164588_194881900524018,Win the trip of a lifetime,,status,,2011-01-27 11:40:13,29,0,0,29,0,0,0,0,0
235877164588_194627880549420,Today on New Scientist: 26 January 2011,,status,,2011-01-26 13:00:08,6,0,0,6,0,0,0,0,0
235877164588_194340820578126,Today on New Scientist: 25 January 2011,,status,,2011-01-25 13:00:09,7,0,0,7,0,0,0,0,0
235877164588_194070257271849,Today on New Scientist: 24 January 2011,,status,,2011-01-24 13:00:03,7,1,0,7,0,0,0,0,0
235877164588_192965320715676,Today on New Scientist: 20 January 2011,,status,,2011-01-20 13:04:21,4,0,0,4,0,0,0,0,0
235877164588_192689370743271,Today on New Scientist: 19 January 2011,,status,,2011-01-19 13:11:53,12,2,1,12,0,0,0,0,0
235877164588_192415747437300,Today on New Scientist: 18 January 2011,,status,,2011-01-18 13:00:04,2,1,0,2,0,0,0,0,0
235877164588_192147644130777,Today on New Scientist: 17 January 2011,,status,,2011-01-17 13:00:17,9,2,0,9,0,0,0,0,0
235877164588_191364277542447,Today on New Scientist: 14 January 2011,,status,,2011-01-14 13:00:12,8,0,0,8,0,0,0,0,0
235877164588_191103847568490,Today on New Scientist: 13 January 2011,,status,,2011-01-13 13:00:25,4,1,0,4,0,0,0,0,0
235877164588_190836994261842,Today on New Scientist: 12 January 2011,,status,,2011-01-12 13:03:44,5,1,0,5,0,0,0,0,0
235877164588_190561167622758,Today on New Scientist: 11 January 2011,,status,,2011-01-11 13:00:15,7,0,0,7,0,0,0,0,0
235877164588_190289350983273,Today on New Scientist: 10 January 2010,,status,,2011-01-10 13:00:35,7,0,0,7,0,0,0,0,0
235877164588_189474684398073,Today on New Scientist: 7 January 2010,,status,,2011-01-07 13:00:06,10,0,0,10,0,0,0,0,0
235877164588_189468537732021,Today's Last Word Question: Why does paper turn translucent when it gets oily?,,status,,2011-01-07 12:21:05,11,11,0,11,0,0,0,0,0
235877164588_189446807734194,January Photo Competition: Renewal,,status,,2011-01-07 11:52:25,20,1,0,20,0,0,0,0,0
235877164588_188673087811566,Today's Last Word Question: Does brass cause polyethylene to break down?,,status,,2011-01-04 13:02:26,4,2,0,4,0,0,0,0,0
235877164588_187368317942043,Today on New Scientist: 30 December 2010,,status,,2010-12-30 18:06:46,13,0,0,13,0,0,0,0,0
235877164588_187020177976857,Today on New Scientist: 29 December 2010,,status,,2010-12-29 13:05:28,4,1,0,4,0,0,0,0,0
235877164588_187006924644849,Today's Last Word Question: What kind of bird could have made this pattern in the snow?,,status,,2010-12-29 12:10:54,11,10,1,11,0,0,0,0,0
235877164588_186765958002279,Today on New Scientist: 28 December 2010,,status,,2010-12-28 14:27:34,10,0,0,10,0,0,0,0,0
235877164588_186458074699734,Today on New Scientist: 27 December 2010,,status,,2010-12-27 12:10:25,8,0,0,8,0,0,0,0,0
235877164588_185726171439591,Today's Last Word Question: What causes the foam head on a glass of rum and coke?,,status,,2010-12-24 13:43:31,6,7,0,6,0,0,0,0,0
235877164588_185723381439870,Today on New Scientist: 24 December 2010,,status,,2010-12-24 13:31:41,8,0,0,8,0,0,0,0,0
235877164588_185440741468134,Today's Last Word Question: What chemical imbalances occur when you experience a hangover?,,status,,2010-12-23 12:33:54,16,14,0,16,0,0,0,0,0
235877164588_184807284864813,Today on New Scientist: 21 December 2010,,status,,2010-12-21 13:00:18,14,2,0,14,0,0,0,0,0
235877164588_184538494891692,Today on New Scientist: 20 December 2010,,status,,2010-12-20 13:07:16,6,0,0,6,0,0,0,0,0
235877164588_184531691559039,Today's Last Word Question: What would happen to an ice cube on the moon?,,status,,2010-12-20 12:37:46,15,26,0,15,0,0,0,0,0
235877164588_184452361566972,Today on New Scientist: 17 December 2010,,status,,2010-12-20 05:55:55,13,4,1,13,0,0,0,0,0
235877164588_183772464968295,The Last Word Weekly roundup,,status,,2010-12-17 11:48:00,6,1,0,6,0,0,0,0,0
235877164588_183542528324622,Today on New Scientist: 16 December 2010,,status,,2010-12-16 13:08:46,8,0,0,8,0,0,0,0,0
235877164588_183473871664821,Today's Last Word Question: Why do ducks quack in flight?,,status,,2010-12-16 07:31:08,14,19,1,14,0,0,0,0,0
235877164588_183287371683471,Today on New Scientist: 15 December 2010,,status,,2010-12-15 13:02:25,8,2,0,8,0,0,0,0,0
235877164588_183250421687166,Today's Last Word Question: Is there any chance of a Harry Potter style invisibility cloak?,,status,,2010-12-15 10:08:22,16,28,0,16,0,0,0,0,0
235877164588_183041558374719,Today on New Scientist: 14 December 2010,,status,,2010-12-14 13:00:21,6,2,0,6,0,0,0,0,0
235877164588_183040518374823,Today's Last Word Question: Does 2+2 always equal 4?,,status,,2010-12-14 12:53:47,8,17,0,8,0,0,0,0,0
235877164588_182780125067529,Today on New Scientist: 13 December 2010,,status,,2010-12-14 12:51:15,7,0,0,7,0,0,0,0,0
235877164588_182749171737291,Today's Last Word Question: What is the speed of bubbles?,,status,,2010-12-13 10:32:56,9,15,1,9,0,0,0,0,0
235877164588_182023981809810,Today on New Scientist: 10 December 2010,,status,,2010-12-10 13:00:09,6,0,0,6,0,0,0,0,0
235877164588_181998661812342,"This week's Last Word Roundup: full of debates, extinguished flames and nail-biting excitement",,status,,2010-12-10 10:37:30,5,0,0,5,0,0,0,0,0
235877164588_181777218501153,Today on New Scientist: 9 December 2010,,status,,2010-12-09 13:03:42,14,0,0,14,0,0,0,0,0
235877164588_181740268504848,Today's Last Word Question: Why do fingernails grow much faster than toenails?,,status,,2010-12-09 09:53:16,10,21,0,10,0,0,0,0,0
235877164588_181521871860021,Today on New Scientist: 8 December 2010,,status,,2010-12-08 13:01:10,11,1,0,11,0,0,0,0,0
235877164588_181477621864446,Today's Last Word Question: Why do flames make a noise when you blow them out?,,status,,2010-12-08 09:25:55,17,15,1,17,0,0,0,0,0
235877164588_181262985219243,Today on New Scientist: 7 December 2010,,status,,2010-12-07 13:01:44,6,0,0,6,0,0,0,0,0
235877164588_181218248557050,Today's Last Word Question: How long have humans been as intelligent as they are now?,,status,,2010-12-07 09:12:05,19,39,0,19,0,0,0,0,0
235877164588_181008185244723,Today on New Scientist: 6 December 2010,,status,,2010-12-06 13:04:15,13,0,0,13,0,0,0,0,0
235877164588_181000015245540,Today's Last Word Question: Loud noises elicit flashing lights...,,status,,2010-12-06 12:41:30,2,4,0,2,0,0,0,0,0
235877164588_180254228653452,Today on New Scientist: 3 December 2010,,status,,2010-12-03 13:00:07,9,0,0,9,0,0,0,0,0
235877164588_180229871989221,This week's roundup from the Last Word,,status,,2010-12-03 10:57:41,8,0,0,8,0,0,0,0,0
235877164588_180007058678169,Today on New Scientist: 2 December 2010,,status,,2010-12-02 13:02:42,14,0,0,14,0,0,0,0,0
235877164588_179974848681390,Today's Last Word Question: why do large dogs have a shorter life expectancy than small dogs?,,status,,2010-12-02 10:21:10,3,13,0,3,0,0,0,0,0
235877164588_179757932036415,December photo competition: Light,,status,,2010-12-01 13:07:55,24,2,1,24,0,0,0,0,0
235877164588_179753602036848,Today on New Scientist: 1 December 2010,,status,,2010-12-01 13:00:27,8,1,0,8,0,0,0,0,0
235877164588_179729248705950,Today's Last Word Question: Festive flying fowl...,,status,,2010-12-01 10:49:40,21,5,0,21,0,0,0,0,0
235877164588_179505775394964,Today on New Scientist: 30 November 2010,,status,,2010-11-30 12:56:06,5,0,0,5,0,0,0,0,0
235877164588_179502342061974,Today's Last Word Question: Can you light a fire with starlight?,,status,,2010-11-30 12:27:54,10,14,0,10,0,0,0,0,0
235877164588_179247965420745,Today on New Scientist: 29 November 2010,,status,,2010-11-29 12:57:57,10,0,0,10,0,0,0,0,0
235877164588_179253458753529,Today's Last Word Question: Is cracking your knuckles bad?,,status,,2010-11-29 12:54:44,8,9,0,8,0,0,0,0,0
235877164588_178521698826705,Today on New Scientist: 26 November 2010,,status,,2010-11-26 13:04:02,8,0,0,8,0,0,0,0,0
235877164588_178516215493920,This week's roundup from The Last Word,,status,,2010-11-26 12:22:16,2,0,0,2,0,0,0,0,0
235877164588_178270512185157,Today on New Scientist: 25 November 2010,,status,,2010-11-25 13:03:53,11,0,0,11,0,0,0,0,0
235877164588_178252078853667,"Today's Last Word Question: If you played football with two balls, how would it affect the number of goals scored?",,status,,2010-11-25 11:29:39,11,17,0,11,0,0,0,0,0
235877164588_177962232215985,Today's Last Word Question: Is there an evolutionary advantage to interfering?,,status,,2010-11-24 08:22:21,11,14,0,11,0,0,0,0,0
235877164588_177740842238124,Today's Last Word Question: Why are some hairs thicker than others?,,status,,2010-11-23 10:22:40,10,4,0,10,0,0,0,0,0
235877164588_177520695593472,Today on New Scientist: 22 November 2010,,status,,2010-11-22 13:01:57,8,0,0,8,0,0,0,0,0
235877164588_177482675597274,Today's Last Word Question: Boiling the bear - why do gummy bears bubble when toasted on a fire?,,status,,2010-11-22 09:49:13,12,0,0,12,0,0,0,0,0
235877164588_176766445668897,The Last Word's Weekly Roundup,,status,,2010-11-19 11:49:01,8,0,0,8,0,0,0,0,0
235877164588_176534355692106,Today on New Scientist: 18 November 2010,,status,,2010-11-18 13:02:44,12,1,0,12,0,0,0,0,0
235877164588_176492969029578,Today's Last Word Question: Why do some people get irritable when they're hungry?,,status,,2010-11-18 09:25:57,14,16,0,14,0,0,0,0,0
235877164588_176279932384215,Today on New Scientist: 17 November 2010,,status,,2010-11-17 13:00:56,8,1,0,8,0,0,0,0,0
235877164588_176241502388058,Today's Last Word Question: Could you ever get fog in a building?,,status,,2010-11-17 09:49:21,4,7,0,4,0,0,0,0,0
235877164588_176028655742676,Today on New Scientist: 16 November 2010,,status,,2010-11-16 13:03:24,15,0,0,15,0,0,0,0,0
235877164588_175988195746722,"Today's Last Word Question: When I burn fat off, where does it actually go?",,status,,2010-11-16 09:30:28,21,10,0,21,0,0,0,0,0
235877164588_175761672436041,Today on New Scientist: 15 November 2010,,status,,2010-11-15 13:15:07,18,0,0,18,0,0,0,0,0
235877164588_175733882438820,Today's Last Word Question: Why do fish gills only work in water?,,status,,2010-11-15 11:10:18,13,10,0,13,0,0,0,0,0
235877164588_174964199182455,New Scientist goes to SFN!,,status,,2010-11-12 13:15:39,5,0,0,5,0,0,0,0,0
235877164588_174961782516030,Today on New Scientist: 12 November 2010,,status,,2010-11-12 13:03:37,13,1,0,13,0,0,0,0,0
235877164588_174908382521370,The Last Word's Weekly Roundup,,status,,2010-11-12 09:02:45,7,3,0,7,0,0,0,0,0
235877164588_174658922546316,Today's Last Word Question: Can we determine the thermodynamic state of a planet?,,status,,2010-11-11 09:53:01,22,12,0,22,0,0,0,0,0
235877164588_174368422575366,Today's Last Word Question: Does the mass of the Earth vary?,,status,,2010-11-10 07:20:23,12,8,0,12,0,0,0,0,0
235877164588_174174459261429,Today on New Scientist: 9 November 2010,,status,,2010-11-09 12:59:25,8,0,0,8,0,0,0,0,0
235877164588_174107629268112,November's photo competition: Geometry,,status,,2010-11-09 10:39:05,25,4,0,25,0,0,0,0,0
235877164588_174137515931790,Today's Last Word Question: Why do we sit cross-legged?,,status,,2010-11-09 09:54:13,11,14,0,11,0,0,0,0,0
235877164588_173909622621246,Today on New Scientist: 8 November 2010,,status,,2010-11-08 13:01:43,8,1,0,8,0,0,0,0,0
235877164588_173903805955161,Today's Last Word Question: Why do we like air conditioning?,,status,,2010-11-08 12:28:59,11,9,0,11,0,0,0,0,0
235877164588_173099139368961,Today on New Scientist: 5 November 2010,,status,,2010-11-05 13:00:15,14,1,0,14,0,0,0,0,0
235877164588_173059322706276,The Last Word Weekly Roundup,,status,,2010-11-05 10:01:06,7,0,0,7,0,0,0,0,0
235877164588_172836552728553,Today on New Scientist: 4 November 2010,,status,,2010-11-04 13:03:18,7,0,0,7,0,0,0,0,0
235877164588_172783106067231,Today's Last Word Question: What is the pH of the universe?,,status,,2010-11-04 08:56:57,17,15,0,17,0,0,0,0,0
235877164588_172566169422258,Today on New Scientist: 3 November 2010,,status,,2010-11-03 13:01:54,7,1,0,7,0,0,0,0,0
235877164588_172524322759776,Today's Last Word Question: Do birds rehearse their songs ?,,status,,2010-11-03 10:02:22,6,3,0,6,0,0,0,0,0
235877164588_172292779449597,Today on New Scientist: 2 November 2010,,status,,2010-11-02 12:50:58,0,0,0,0,0,0,0,0,0
235877164588_172281022784106,Today's Last Word Question: Could we make spectacles that would help us distinguish more colours?,,status,,2010-11-02 11:53:36,9,6,0,9,0,0,0,0,0
235877164588_171987566146785,Today's Last Word Question: Not for the faint hearted... Can you identify this animal?,,status,,2010-11-01 12:09:10,7,21,0,7,0,0,0,0,0
235877164588_171200896225452,Today on New Scientist: 29 October 2010,,status,,2010-10-29 12:00:07,6,3,0,6,0,0,0,0,0
235877164588_171180316227510,The Last Word Weekly Roundup,,status,,2010-10-29 10:21:55,10,1,0,10,0,0,0,0,0
235877164588_171156219563253,Today on New Scientist: 28 October 2010,,status,,2010-10-29 08:29:45,5,2,0,5,0,0,0,0,0
235877164588_171156009563274,Today on New Scientist: 27 October 2010,,status,,2010-10-29 08:28:51,3,0,0,3,0,0,0,0,0
235877164588_170919909586884,Today's Last Word Question: What could have caused this strange pattern between two layers of glass?,,status,,2010-10-28 11:35:33,3,0,0,3,0,0,0,0,0
235877164588_170915246254017,Take the ultimate intelligence test,,status,,2010-10-28 11:18:12,31,14,0,31,0,0,0,0,0
235877164588_170608876284654,Today's Last Word Question: Can you breathe through your ears?,,status,,2010-10-27 08:54:13,10,20,0,10,0,0,0,0,0
235877164588_170389086306633,"Today on New Scientist, 26 October 2010",,status,,2010-10-26 12:42:10,5,1,0,5,0,0,0,0,0
235877164588_170338379645037,Today's Last Word Question: How fast could a human being walk on Mars?,,status,,2010-10-26 08:43:38,10,9,0,10,0,0,0,0,0
235877164588_169311576414384,Today on New Scientist: 22 October 2010,,status,,2010-10-22 12:00:37,7,0,0,7,0,0,0,0,0
235877164588_169295979749277,"The Last Word weekly round-up. This week with nasal hair, bodybuilding and flames",,status,,2010-10-22 10:42:09,8,1,1,8,0,0,0,0,0
235877164588_169286436416898,Today's Last Word Question: what is fire made of?,,status,,2010-10-22 09:59:56,11,13,0,11,0,0,0,0,0
235877164588_169050146440527,Today on New Scientist: 21 October 2010,,status,,2010-10-21 12:09:02,13,0,0,13,0,0,0,0,0
235877164588_169016073110601,Today's Last Word Question: Can and do plants die immediately as humans do?,,status,,2010-10-21 09:11:59,3,4,0,3,0,0,0,0,0
235877164588_168790716466470,Today's Last Word Question: Why does pulling out your nasal hairs make your eyes water?,,status,,2010-10-20 12:07:13,16,1,0,16,0,0,0,0,0
235877164588_168789423133266,Today on New Scientist: 20 October 2010,,status,,2010-10-20 12:00:38,5,0,0,5,0,0,0,0,0
235877164588_168517283160480,Today on New Scientist: 19 October 2010,,status,,2010-10-19 12:01:33,2,0,0,2,0,0,0,0,0
235877164588_168487936496748,Today's Last Word Question: Why do we sometimes shiver when we yawn?,,status,,2010-10-19 09:36:39,4,1,0,4,0,0,0,0,0
235877164588_168478033164405,Have you entered October's photo competition yet?,,status,,2010-10-19 09:04:30,13,0,0,13,0,0,0,0,0
235877164588_168247996520742,Today on New Scientist: 18 October 2010,,status,,2010-10-18 12:00:23,7,1,0,7,0,0,0,0,0
235877164588_168242479854627,Today's Last Word Question: How does body building work on a cellular level?,,status,,2010-10-18 11:29:37,6,2,0,6,0,0,0,0,0
235877164588_168223519856523,Why do we get pins and needles? Check out the Human Body Quiz,,status,,2010-10-18 11:27:44,7,0,0,7,0,0,0,0,0
235877164588_167439476601594,"The Last Word Weekly Roundup. This week with chemicals, colours and... sleep",,status,,2010-10-15 10:48:22,11,1,0,11,0,0,0,0,0
235877164588_167161319962743,"Today's Last Word Question: Saffron is red, so why do the foods that it is added to - for instance, rice or soup - turn yellow?",,status,,2010-10-14 10:06:40,13,2,0,13,0,0,0,0,0
235877164588_166909256654616,Today on New Scientist: 13 October 2010,,status,,2010-10-13 12:00:50,3,2,0,3,0,0,0,0,0
235877164588_166880886657453,Today's Last Word Question: Friedag noticed that plastic boxes become fused together if left for a long time...,,status,,2010-10-13 09:23:04,3,8,0,3,0,0,0,0,0
235877164588_166651280013747,Today on New Scientist: 12 October 2010,,status,,2010-10-12 12:00:41,5,0,0,5,0,0,0,0,0
235877164588_166615986683943,Today's Last Word Question: How many sheets of paper would it take to stop a bullet?,,status,,2010-10-12 09:14:30,7,17,0,7,0,0,0,0,0
235877164588_166381796707362,Today on New Scientist: 11 October 2010,,status,,2010-10-11 12:03:22,7,0,0,7,0,0,0,0,0
235877164588_166380383374170,Today's Last Word Question: Why do marcparry's two eyes see colours differently?,,status,,2010-10-11 11:45:36,7,13,0,7,0,0,0,0,0
235877164588_165616843450524,Today on New Scientist: 8 October 2010,,status,,2010-10-08 11:59:21,7,1,0,7,0,0,0,0,0
235877164588_165588073453401,The Last Word's weekly round-up,,status,,2010-10-08 09:43:42,6,1,0,6,0,0,0,0,0
235877164588_165352236810318,Today on New Scientist: 7 October 2010,,status,,2010-10-07 12:01:02,5,0,0,5,0,0,0,0,0
235877164588_165320670146808,Today's Last Word Question: Why do we become hoarse if we shout?,,status,,2010-10-07 09:20:34,4,1,0,4,0,0,0,0,0
235877164588_165098360169039,Today on New Scientist: 6 October 2010,,status,,2010-10-06 12:01:17,9,0,0,9,0,0,0,0,0
235877164588_165078060171069,October Photo Competition: The texture of science,,status,,2010-10-06 10:31:59,20,8,0,20,0,0,0,0,0
235877164588_165060606839481,Today's Last Word Question: What happens when you microwave a shoe?,,status,,2010-10-06 08:58:05,11,12,0,11,0,0,0,0,0
235877164588_164844450194430,Today on New Scientist: 5 October 2010,,status,,2010-10-05 12:00:44,3,0,0,3,0,0,0,0,0
235877164588_164844336861108,Today's Last Word Question: Why do you get a lump at the back of your throat when you cry?,,status,,2010-10-05 11:48:40,7,2,0,7,0,0,0,0,0
235877164588_164842256861316,Genetic fruit and thoughtful trees,,status,,2010-10-05 11:41:45,14,2,0,14,0,0,0,0,0
235877164588_164590610219814,Today's Last Word Question: What is your angular momentum when you spin on an office chair?,,status,,2010-10-04 11:58:17,8,2,0,8,0,0,0,0,0
235877164588_164586226886919,Today on New Scientist: 4 October 2010,,status,,2010-10-04 11:56:59,7,0,0,7,0,0,0,0,0
235877164588_164545840224291,DIY tech special: Projects from the Maker Faire,,status,,2010-10-04 08:34:39,16,1,1,16,0,0,0,0,0
235877164588_163821213630087,"This year's Ig Nobel Prizes, and your chance to save a life with lingerie",,status,,2010-10-01 11:46:05,18,0,0,18,0,0,0,0,0
235877164588_163787956966746,Last Word Weekly Roundup,,status,,2010-10-01 09:17:19,2,0,0,2,0,0,0,0,0
235877164588_163743133637895,"The Social Network: Fact, fiction and Facebook",,status,,2010-10-01 05:26:30,17,0,0,17,0,0,0,0,0
235877164588_163554590323416,Today on New Scientist: 30 September 2010,,status,,2010-09-30 12:01:16,3,0,0,3,0,0,0,0,0
235877164588_163534450325430,Today's Last Word Question: Are we going to run out of wireless bandwidth?,,status,,2010-09-30 10:19:15,2,4,0,2,0,0,0,0,0
235877164588_163285103683698,Today on New Scientist: 29 September 2010,,status,,2010-09-29 12:02:32,4,0,0,4,0,0,0,0,0
235877164588_163244117021130,Today's Last Word Question: Why doesn't heat rub affect your fingers?,,status,,2010-09-29 08:49:03,9,10,0,9,0,0,0,0,0
235877164588_163218710357004,Editor of the Last Word poses his own quiz questions on the Last Word Challenge,,status,,2010-09-29 06:44:22,8,3,0,8,0,0,0,0,0
235877164588_163016570377218,Today on New Scientist: 28 September 2010,,status,,2010-09-28 12:00:53,7,0,0,7,0,0,0,0,0
235877164588_163016600377215,Today's Last Word Question: Might liposuction increase the risk of diseases such as diabetes?,,status,,2010-09-28 11:55:46,7,0,0,7,0,0,0,0,0
235877164588_162745107071031,Today on New Scientist: 27 September 2010,,status,,2010-09-27 12:01:59,7,6,0,7,0,0,0,0,0
235877164588_162742807071261,Today's Last Word Question: Do some bees act as sentries for the rest of the swarm?,,status,,2010-09-27 11:51:33,3,4,0,3,0,0,0,0,0
235877164588_162670107078531,Science in Motion Photo Competition - last chance to enter!,,status,,2010-09-27 06:06:32,13,0,0,13,0,0,0,0,0
235877164588_161937697151772,Last Word weekly round-up,,status,,2010-09-24 09:48:00,4,0,0,4,0,0,0,0,0
235877164588_161922150486660,The Last Word Challenge: New Quizzes,,status,,2010-09-24 09:01:34,4,5,0,4,0,0,0,0,0
235877164588_161725340506341,Today on New Scientist: 23 September 2010,,status,,2010-09-23 12:02:34,7,0,0,7,0,0,0,0,0
235877164588_161679127177629,"Today's Last Word Question: How ""live"" is live TV?",,status,,2010-09-23 08:30:54,3,1,0,3,0,0,0,0,0
235877164588_161461463866062,Today on New Scientist: 22 September 2010,,status,,2010-09-22 12:11:35,3,0,0,3,0,0,0,0,0
235877164588_161459653866243,Five futuristic robots,,status,,2010-09-22 11:56:53,20,1,2,20,0,0,0,0,0
235877164588_161427640536111,Today's Last Word Question: why are harmonic vibrations on piano and guitar strings often out of tune?,,status,,2010-09-22 09:24:38,9,1,0,9,0,0,0,0,0
235877164588_161193103892898,Today on New Scientist: 21 September 2010,,status,,2010-09-21 12:03:01,4,0,0,4,0,0,0,0,0
235877164588_161157707229771,Today's Last Word Question: Do humming birds get brained by raindrops?,,status,,2010-09-21 09:25:17,19,8,1,19,0,0,0,0,0
235877164588_160921407253401,This month's most amazing science and technology videos,,status,,2010-09-20 12:11:17,23,0,0,23,0,0,0,0,0
235877164588_160921947253347,Today on New Scientist: 20 September 2010,,status,,2010-09-20 12:09:45,4,0,0,4,0,0,0,0,0
235877164588_160917423920466,"Today's Last Word Question: Get out your deerstalker hat, the game's afoot! A possum's been murdered...",,status,,2010-09-20 11:46:16,4,5,0,4,0,0,0,0,0
235877164588_160123457333196,Last Word's Weekly Round-up,,status,,2010-09-17 11:31:56,10,1,0,10,0,0,0,0,0
235877164588_159870110691864,Today on New Scientist: 16 September 2010,,status,,2010-09-16 12:04:37,5,0,0,5,0,0,0,0,0
235877164588_159866220692253,"Today's Last Word Question: When you need to pee, why is the feeling so much more urgent in the cold?",,status,,2010-09-16 11:46:55,11,11,0,11,0,0,0,0,0
235877164588_159591050719770,Today on New Scientist: 15 September 2010,,status,,2010-09-15 12:06:36,5,1,0,5,0,0,0,0,0
235877164588_159566750722200,Today's Last Word Question: Is there any point calculating pi to 5 trillion decimal places?,,status,,2010-09-15 09:47:22,11,17,0,11,0,0,0,0,0
235877164588_159320364080172,Today on New Scientist: 14 September 2010,,status,,2010-09-14 12:01:08,4,0,0,4,0,0,0,0,0
235877164588_159305947414947,Today's Last Word Question: Do live sheep get moths in their wool?,,status,,2010-09-14 10:37:08,4,0,0,4,0,0,0,0,0
235877164588_159051867440355,Today on New Scientist: 13 September 2010,,status,,2010-09-13 12:15:39,4,0,0,4,0,0,0,0,0
235877164588_159050767440465,Today's Last Word Question: Do bars of soap run out of juice?,,status,,2010-09-13 12:11:24,3,0,0,3,0,0,0,0,0
235877164588_158258497519692,This week's Last Word roundup,,status,,2010-09-10 11:01:17,32,7,1,32,0,0,0,0,0
235877164588_157992284212980,Today's Last Word Question: How do we know the true shape of galaxies...,,status,,2010-09-09 10:09:39,19,3,0,19,0,0,0,0,0
235877164588_157945510884324,Take part in a thought experiment!,,status,,2010-09-09 06:24:49,36,3,0,36,0,0,0,0,0
235877164588_157746440904231,Today on New Scientist: 8 September 2010,,status,,2010-09-08 12:05:39,2,0,0,2,0,0,0,0,0
235877164588_157743067571235,Today's Last Word Question: Why do you see stars when you hit your head?,,status,,2010-09-08 11:50:52,4,2,0,4,0,0,0,0,0
235877164588_157451467600395,Today on New Scientist: 7 September 2010,,status,,2010-09-07 11:52:41,8,0,0,8,0,0,0,0,0
235877164588_157445767600965,Today's Last Word Question: Could bubbles ever go down?,,status,,2010-09-07 11:19:18,3,5,0,3,0,0,0,0,0
235877164588_157170817628460,Today on New Scientist: 6 September 2010,,status,,2010-09-06 12:05:07,7,0,0,7,0,0,0,0,0
235877164588_157118894300319,"Today's Last Word Question: If your eyes were a camera, what would their specs be?",,status,,2010-09-06 08:45:02,10,5,0,10,0,0,0,0,0
235877164588_156313937714148,Last Word's weekly round-up,,status,,2010-09-03 10:12:13,6,0,0,6,0,0,0,0,0
235877164588_156050194407189,Today's Last Word Question Why did BlueBasilisk's fish change colour from brown to gold?,,status,,2010-09-02 12:05:00,5,0,0,5,0,0,0,0,0
235877164588_156045887740953,Today on New Scientist: 2 September 2010,,status,,2010-09-02 12:00:33,5,0,0,5,0,0,0,0,0
235877164588_156024791076396,September Photo Competition: Science in motion,,status,,2010-09-02 10:23:46,14,0,0,14,0,0,0,0,0
235877164588_155762884435920,Today on New Scientist: 1 September 2010,,status,,2010-09-01 11:59:24,5,0,0,5,0,0,0,0,0
235877164588_155679791110896,Today's Last Word Question Can computer images be sent straight to the brain?,,status,,2010-09-01 05:54:26,15,9,0,15,0,0,0,0,0
235877164588_155489187796623,Today on New Scientist: 31 August 2010,,status,,2010-08-31 11:53:31,7,0,0,7,0,0,0,0,0
235877164588_155468241132051,Today's Last Word Question Why is it going to take so long to free the Chilean miners?,,status,,2010-08-31 10:22:08,7,0,0,7,0,0,0,0,0
235877164588_154402521238623,Today's Last Word Question Does alcohol cause oxygen deprivation in the brain?,,status,,2010-08-27 08:43:11,9,7,0,9,0,0,0,0,0
235877164588_154186691260206,Today on New Scientist: 26 August 2010,,status,,2010-08-26 12:03:16,6,0,0,6,0,0,0,0,0
235877164588_154182801260595,"Today's Last Word Question Why doesn't a virtual red, blue and green disk look white when rotated when a real world one would?",,status,,2010-08-26 11:42:26,6,0,0,6,0,0,0,0,0
235877164588_154131137932428,Win the year's best science books!,,status,,2010-08-26 07:42:10,13,0,0,13,0,0,0,0,0
235877164588_153927901286085,Today on New Scientist: 25 August 2010,,status,,2010-08-25 12:01:54,4,0,0,4,0,0,0,0,0
235877164588_153663007979241,Today on New Scientist: 24 August 2010,,status,,2010-08-24 12:01:40,7,1,0,7,0,0,0,0,0
235877164588_153623594649849,Today's Last Word Question Can you generate alternating current using chemical reactions?,,status,,2010-08-24 08:55:36,7,6,0,7,0,0,0,0,0
235877164588_153395988005943,Today's Last Word Question Why is Merronzarn getting electric shocks from metallic objects and laptops?,,status,,2010-08-23 12:00:22,8,0,0,8,0,0,0,0,0
235877164588_152380024774206,Today on New Scientist: 19 August 2010,,status,,2010-08-19 12:10:33,3,0,0,3,0,0,0,0,0
235877164588_152378234774385,Today's Last Word Question Can you tell us about this this metallic object?,,status,,2010-08-19 11:46:12,3,15,0,3,0,0,0,0,0
235877164588_152112614800947,Today on New Scientist: 18 August 2010,,status,,2010-08-18 12:00:40,6,0,0,6,0,0,0,0,0
235877164588_151843998161142,Today on New Scientist: 17 August 2010,,status,,2010-08-17 12:00:16,6,0,0,6,0,0,0,0,0
235877164588_151573908188151,Today on New Scientist: 16 August 2010,,status,,2010-08-16 12:13:55,14,1,0,14,0,0,0,0,0
235877164588_150509898294552,Today on New Scientist: 12 August 2010,,status,,2010-08-12 12:03:26,7,0,0,7,0,0,0,0,0
235877164588_150198064992402,Last word question of the day,,status,,2010-08-11 08:54:20,11,8,0,11,0,0,0,0,0
235877164588_149960168349525,Today on New Scientist: 10 August 2010,,status,,2010-08-10 12:00:59,7,1,0,7,0,0,0,0,0
235877164588_149679791710896,Today on New Scientist: 9 August 2010,,status,,2010-08-09 12:00:28,8,0,0,8,0,0,0,0,0
235877164588_149672065045002,Today's Last Word question: When does photographic memory begin?,,status,,2010-08-09 11:21:35,8,0,0,8,0,0,0,0,0
235877164588_148913655120843,This week's best questions from The Last Word,,status,,2010-08-06 12:26:09,2,0,0,2,0,0,0,0,0
235877164588_148558058489736,Last word question of the day,,status,,2010-08-05 06:13:03,1,11,0,1,0,0,0,0,0
235877164588_148088545203354,Today on New Scientist: 3 August 2010,,status,,2010-08-03 12:03:46,4,0,0,4,0,0,0,0,0
235877164588_148086198536922,Last word question of the day,,status,,2010-08-03 11:48:58,5,7,0,5,0,0,0,0,0
235877164588_147824455229763,Today on New Scientist: 2 August 2010,,status,,2010-08-02 12:20:31,5,0,0,5,0,0,0,0,0
235877164588_147768115235397,Last Word Question of the Day,,status,,2010-08-02 07:53:48,2,2,0,2,0,0,0,0,0
235877164588_147754348570107,"Google, Twitter and Facebook build the semantic web",,status,,2010-08-02 06:45:41,14,0,0,14,0,0,0,0,0
235877164588_146796565332552,Last Word Question of the Day,,status,,2010-07-29 10:57:51,1,1,0,1,0,0,0,0,0
235877164588_146537965358412,Today on New Scientist: 28 July 2010,,status,,2010-07-28 12:07:07,6,3,0,6,0,0,0,0,0
235877164588_146445408701001,Last Word Question of the Day,,status,,2010-07-28 04:23:07,3,1,0,3,0,0,0,0,0
235877164588_146266998718842,Today on New Scientist: 27 July 2010,,status,,2010-07-27 12:05:36,6,0,0,6,0,0,0,0,0
235877164588_146225558722986,July's best science and technology videos on New Scientist TV,,status,,2010-07-27 10:07:15,5,0,0,5,0,0,0,0,0
235877164588_146175222061353,Last Word Question of the Day,,status,,2010-07-27 04:22:58,7,4,0,7,0,0,0,0,0
235877164588_145997045412504,Today on New Scientist: 26 July 2010,,status,,2010-07-26 12:01:18,5,0,0,5,0,0,0,0,0
235877164588_145917548753787,Last Word Question of the Day,,status,,2010-07-26 05:34:37,2,2,0,2,0,0,0,0,0
235877164588_145258732153002,Today on New Scientist: 23 July 2010,,status,,2010-07-23 12:02:39,5,0,0,5,0,0,0,0,0
235877164588_145226312156244,Last Word Weekly Roundup,,status,,2010-07-23 09:07:31,2,0,0,2,0,0,0,0,0
235877164588_145176805494528,Laughter's secrets: How to make a computer laugh,,status,,2010-07-23 04:38:40,5,0,0,5,0,0,0,0,0
235877164588_144916618853880,Last Word Question of the Day,,status,,2010-07-22 05:17:58,3,4,0,3,0,0,0,0,0
235877164588_144732212205654,Today on New Scientist: 21 July 2010,,status,,2010-07-21 12:11:20,6,2,0,6,0,0,0,0,0
235877164588_144656958879846,Last Word Question of the Day,,status,,2010-07-21 05:41:41,2,4,0,2,0,0,0,0,0
235877164588_144465012232374,Today on New Scientist: 20 July 2010,,status,,2010-07-20 12:00:45,8,0,0,8,0,0,0,0,0
235877164588_144448935567315,You're never too old for science,,status,,2010-07-20 10:40:37,4,0,0,4,0,0,0,0,0
235877164588_144432542235621,Last Word Question of the Day,,status,,2010-07-20 09:33:56,1,0,0,1,0,0,0,0,0
235877164588_144191048926437,Today on New Scientist: 19 July 2010,,status,,2010-07-19 12:01:54,5,1,0,5,0,0,0,0,0
235877164588_144176248927917,Last Word Question of the Day,,status,,2010-07-19 10:48:01,4,0,0,4,0,0,0,0,0
235877164588_143443285667880,Today on New Scientist: 16 July 2010,,status,,2010-07-16 12:10:21,5,0,0,5,0,0,0,0,0
235877164588_143381812340694,Last Word Weekly Top Questions and Friday's Question of the Day,,status,,2010-07-16 07:26:01,1,1,0,1,0,0,0,0,0
235877164588_143100419035500,Why Facebook friends are worth keeping,,status,,2010-07-15 06:37:35,23,4,0,23,0,0,0,0,0
235877164588_143075712371304,Last Word Question of the Day,,status,,2010-07-15 03:59:28,2,1,0,2,0,0,0,0,0
235877164588_142899332388942,Today on New Scientist: 14 July 2010,,status,,2010-07-14 12:01:18,1,0,0,1,0,0,0,0,0
235877164588_142814339064108,Last Word Question of the Day,,status,,2010-07-14 04:48:22,2,4,0,2,0,0,0,0,0
235877164588_142635322415343,Today on New Scientist: 13 July 2010,,status,,2010-07-13 12:02:27,4,0,0,4,0,0,0,0,0
235877164588_142590425753166,Last Word Question of the Day,,status,,2010-07-13 08:23:54,3,1,0,3,0,0,0,0,0
235877164588_142366032442272,Today on New Scientist: 12 July 2010,,status,,2010-07-12 12:06:13,4,1,0,4,0,0,0,0,0
235877164588_142359239109618,Last Word Question of the Day,,status,,2010-07-12 11:36:31,0,6,0,0,0,0,0,0,0
235877164588_141612795850929,Today on New Scientist: 9 July 2010,,status,,2010-07-09 12:04:04,4,0,0,4,0,0,0,0,0
235877164588_141536239191918,Last Word Question of the Day,,status,,2010-07-09 05:40:35,5,0,0,5,0,0,0,0,0
235877164588_141270682551807,Last Word Question of the Day,,status,,2010-07-08 05:56:24,1,5,0,1,0,0,0,0,0
235877164588_141075619237980,Today on New Scientist: 7 July 2010,,status,,2010-07-07 12:02:33,1,1,0,1,0,0,0,0,0
235877164588_141076102571265,Last Word Question of the Day,,status,,2010-07-07 11:58:39,2,2,0,2,0,0,0,0,0
235877164588_140801402598735,Today on New Scientist: 6 July 2010,,status,,2010-07-06 12:01:28,0,0,0,0,0,0,0,0,0
235877164588_140754885936720,Last Word Question of the Day,,status,,2010-07-06 08:34:03,3,0,0,3,0,0,0,0,0
235877164588_140536009291941,Last Word Question of the Day,,status,,2010-07-05 12:23:55,1,2,0,1,0,0,0,0,0
235877164588_140533035958905,Today on New Scientist: 5 July 2010,,status,,2010-07-05 12:15:26,1,0,0,1,0,0,0,0,0
235877164588_139771409368401,Today on New Scientist: 2 July 2010,,status,,2010-07-02 12:03:43,3,2,0,3,0,0,0,0,0
235877164588_139770102701865,Last Word Question of the Day,,status,,2010-07-02 11:59:16,3,1,0,3,0,0,0,0,0
235877164588_139502052728670,Today on New Scientist: 1 July 2010,,status,,2010-07-01 12:21:55,0,0,0,0,0,0,0,0,0
235877164588_139477159397826,Last Word Question of the Day,,status,,2010-07-01 10:24:50,1,0,0,1,0,0,0,0,0
235877164588_139221156090093,Today on New Scientist: 30 June 2010,,status,,2010-06-30 12:15:12,4,2,0,4,0,0,0,0,0
235877164588_139150592763816,Last Word Question of the Day,,status,,2010-06-30 07:48:44,0,1,0,0,0,0,0,0,0
235877164588_139136859431856,Competition: Win a World Cup football,,status,,2010-06-30 05:30:50,0,0,0,0,0,0,0,0,0
235877164588_138944832784392,Today on New Scientist: 29 June 2010,,status,,2010-06-29 12:19:59,0,0,0,0,0,0,0,0,0
235877164588_138851242793751,Last Word Question of the Day,,status,,2010-06-29 05:15:08,3,6,0,3,0,0,0,0,0
235877164588_138660942812781,Today on New Scientist: 28 June 2010,,status,,2010-06-28 12:18:47,5,0,0,5,0,0,0,0,0
235877164588_138660176146191,Last Word Question of the Day,,status,,2010-06-28 12:14:32,6,0,0,6,0,0,0,0,0
235877164588_137884849557057,Today on New Scientist: 25 June 2010,,status,,2010-06-25 12:18:33,4,0,0,4,0,0,0,0,0
235877164588_137841059561436,Last Word Question of the Day,,status,,2010-06-25 09:06:28,3,2,0,3,0,0,0,0,0
235877164588_137602356251973,Today on New Scientist: 24 June 2010,,status,,2010-06-24 12:01:38,3,0,0,3,0,0,0,0,0
235877164588_137586109586931,Quiz: A Question of Science,,status,,2010-06-24 10:54:05,0,0,0,0,0,0,0,0,0
235877164588_137584649587077,Last Word Question of the Day,,status,,2010-06-24 10:46:07,1,4,0,1,0,0,0,0,0
235877164588_137292572949618,Last Word Question of the Day,,status,,2010-06-23 09:17:58,2,0,0,2,0,0,0,0,0
235877164588_137056192973256,Today on New Scientist: 22 June 2010,,status,,2010-06-22 12:19:13,5,0,0,5,0,0,0,0,0
235877164588_136771043001771,Today on New Scientist: 21 June 2010,,status,,2010-06-21 12:30:34,3,2,0,3,0,0,0,0,0
235877164588_136767673002108,Last Word Question of the Day,,status,,2010-06-21 12:15:14,0,1,0,0,0,0,0,0,0
235877164588_136716519673890,Video - Best of the web this month,,status,,2010-06-21 08:35:04,8,0,0,8,0,0,0,0,0
235877164588_135986383080237,Today on New Scientist: 18 June 2010,,status,,2010-06-18 12:07:23,1,0,0,1,0,0,0,0,0
235877164588_135973159748226,Last Word Question of the Day,,status,,2010-06-18 11:09:55,0,0,0,0,0,0,0,0,0
235877164588_135709599774582,Today on New Scientist: 17 June 2010,,status,,2010-06-17 12:03:18,1,0,0,1,0,0,0,0,0
235877164588_135709669774575,Last Word question of the day,,status,,2010-06-17 12:01:56,0,0,0,0,0,0,0,0,0
235877164588_135395393139336,How's your football intuition?,,status,,2010-06-16 09:42:08,1,0,0,1,0,0,0,0,0
235877164588_135148829830659,Today on New Scientist: 15 June 2010,,status,,2010-06-15 12:06:52,2,0,0,2,0,0,0,0,0
235877164588_135053789840163,Today on New Scientist: 14 June 2010,,status,,2010-06-15 04:35:38,1,0,0,1,0,0,0,0,0
235877164588_134104439935098,"Today on New Scientist, 11 June 2010",,status,,2010-06-11 12:40:17,3,0,0,3,0,0,0,0,0
235877164588_133823513296524,Today on New Scientist: 10 June 2010,,status,,2010-06-10 11:59:06,2,0,0,2,0,0,0,0,0
235877164588_133158080029734,Today on New Scientist: 7 June 2010,,status,,2010-06-08 03:41:32,3,0,0,3,0,0,0,0,0
235877164588_131283900217152,Matter: The next generation,,status,,2010-06-01 09:36:38,4,0,0,4,0,0,0,0,0
235877164588_131283710217171,Language lessons: You are what you speak,,status,,2010-06-01 09:36:01,9,1,0,9,0,0,0,0,0
235877164588_129683673710508,S Word: How science is shaping up in the new Parliament,,status,,2010-05-26 11:19:04,0,0,0,0,0,0,0,0,0
235877164588_129683417043867,Shadows open window into the autistic mind,,status,,2010-05-26 11:18:09,2,0,0,2,0,0,0,0,0
235877164588_128313160514226,What's the best science job?,,status,,2010-05-21 09:28:11,2,5,0,2,0,0,0,0,0
235877164588_128073093871566,Iran's nuclear fuel swap may not prevent sanctions,,status,,2010-05-20 12:21:51,0,0,0,0,0,0,0,0,0
235877164588_127315200614022,Rocket-assisted pills pack a punch to the gut,,status,,2010-05-17 20:35:36,0,0,0,0,0,0,0,0,0
235877164588_126579010687641,Zoologger: Attack of the self-sacrificing child clones,,status,,2010-05-15 08:23:50,0,1,0,0,0,0,0,0,0
235877164588_125971724086196,http://www.newscientist.com/article/dn18893-survey-can-you-outsmart-new-scientist.html,,status,,2010-05-14 11:37:34,1,0,0,1,0,0,0,0,0
235877164588_125712614107614,Jupiter loses a stripe,,status,,2010-05-12 07:11:24,0,0,0,0,0,0,0,0,0
235877164588_125521740793368,The deep roots of genetic disorders uncovered,,status,,2010-05-11 14:07:19,1,0,0,1,0,0,0,0,0
235877164588_125340270811515,Art meets science: When worlds collaborate,,status,,2010-05-10 22:42:57,1,0,0,1,0,0,0,0,0
235877164588_125122144166661,Quantum wonders: Superfluids and supersolids,,status,,2010-05-10 07:17:10,0,1,0,0,0,0,0,0,0
235877164588_124622320883310,Quantum wonders: Spooky action at a distance,,status,,2010-05-08 12:01:10,0,2,0,0,0,0,0,0,0
235877164588_124456860899856,Quantum wonders: Something for nothing,,status,,2010-05-07 21:10:23,0,0,0,0,0,0,0,0,0
235877164588_124189170926625,Is water the key to cheaper nanoelectronics?,,status,,2010-05-06 22:46:05,0,0,0,0,0,0,0,0,0
235877164588_123874194291456,Zoologger: The most kick-ass fish in the sea,,status,,2010-05-05 20:30:55,0,0,0,0,0,0,0,0,0
235877164588_123505540994988,Dark matter claims thrown into doubt by new data,,status,,2010-05-04 15:25:59,0,0,0,0,0,0,0,0,0
235877164588_123020284376847,Killing cancer may be a game of whack-a-mole,,status,,2010-05-03 02:50:41,0,1,0,0,0,0,0,0,0
235877164588_122611304417745,Melting icebergs boost sea-level rise,,status,,2010-05-01 16:03:46,0,0,0,0,0,0,0,0,0
235877164588_122153491130193,Vaccine fever in Oz: Is the risk real?,,status,,2010-04-30 01:55:52,0,0,0,0,0,0,0,0,0
235877164588_121640661181476,"Leonardo da Vinci, the untaught genius",,status,,2010-04-28 09:07:01,1,0,0,1,0,0,0,0,0
235877164588_121629154515960,Zoologger: The most bizarre life story on Earth?,,status,,2010-04-28 08:27:40,1,0,0,1,0,0,0,0,0
235877164588_121122014566674,Nanosculptors could help focus light on silicon chips,,status,,2010-04-26 11:31:52,0,0,0,0,0,0,0,0,0
